[{"model": "admin.logentry", "pk": 1, "fields": {"action_time": "2025-06-18T07:57:04.821Z", "user": 1, "content_type": 6, "object_id": "2", "object_repr": "ganesh@gmail.com", "action_flag": 1, "change_message": "[{\"added\": {}}]"}}, {"model": "admin.logentry", "pk": 2, "fields": {"action_time": "2025-06-18T07:58:26.705Z", "user": 1, "content_type": 8, "object_id": "1", "object_repr": "ganesh@gmail.com", "action_flag": 1, "change_message": "[{\"added\": {}}]"}}, {"model": "admin.logentry", "pk": 3, "fields": {"action_time": "2025-06-18T07:59:04.724Z", "user": 1, "content_type": 7, "object_id": "1", "object_repr": "ganesh@gmail.com", "action_flag": 1, "change_message": "[{\"added\": {}}]"}}, {"model": "admin.logentry", "pk": 4, "fields": {"action_time": "2025-06-18T10:24:35.386Z", "user": 1, "content_type": 6, "object_id": "3", "object_repr": "test@gmail.com", "action_flag": 1, "change_message": "[{\"added\": {}}]"}}, {"model": "admin.logentry", "pk": 5, "fields": {"action_time": "2025-06-18T11:25:26.966Z", "user": 1, "content_type": 10, "object_id": "1", "object_repr": "ganesh@gmail.com - 2025-07-09 06:00:00-18:00:00", "action_flag": 1, "change_message": "[{\"added\": {}}]"}}, {"model": "admin.logentry", "pk": 6, "fields": {"action_time": "2025-06-18T11:26:10.556Z", "user": 1, "content_type": 9, "object_id": "1", "object_repr": "Booked by ganesh@gmail.com for ganesh@gmail.com - 2025-07-09 06:00:00-18:00:00", "action_flag": 1, "change_message": "[{\"added\": {}}]"}}, {"model": "admin.logentry", "pk": 7, "fields": {"action_time": "2025-06-18T11:27:18.378Z", "user": 1, "content_type": 10, "object_id": "1", "object_repr": "ganesh@gmail.com - 2025-07-09 06:00:00-18:00:00", "action_flag": 2, "change_message": "[{\"changed\": {\"fields\": [\"Is booked\"]}}]"}}, {"model": "admin.logentry", "pk": 8, "fields": {"action_time": "2025-06-18T11:28:25.319Z", "user": 1, "content_type": 10, "object_id": "1", "object_repr": "ganesh@gmail.com - 2025-07-09 06:00:00-18:00:00", "action_flag": 2, "change_message": "[{\"changed\": {\"fields\": [\"Is booked\"]}}]"}}, {"model": "admin.logentry", "pk": 9, "fields": {"action_time": "2025-06-18T11:31:47.313Z", "user": 1, "content_type": 6, "object_id": "3", "object_repr": "student@gmail.com", "action_flag": 2, "change_message": "[{\"changed\": {\"fields\": [\"Email\"]}}]"}}, {"model": "admin.logentry", "pk": 10, "fields": {"action_time": "2025-06-21T07:01:25.451Z", "user": 1, "content_type": 6, "object_id": "4", "object_repr": "anas@gmail.com", "action_flag": 1, "change_message": "[{\"added\": {}}]"}}, {"model": "admin.logentry", "pk": 11, "fields": {"action_time": "2025-06-21T07:03:05.936Z", "user": 1, "content_type": 10, "object_id": "2", "object_repr": "anas@gmail.com - 2025-06-21 07:02:45-13:00:00", "action_flag": 1, "change_message": "[{\"added\": {}}]"}}, {"model": "auth.permission", "pk": 1, "fields": {"name": "Can add log entry", "content_type": 1, "codename": "add_logentry"}}, {"model": "auth.permission", "pk": 2, "fields": {"name": "Can change log entry", "content_type": 1, "codename": "change_logentry"}}, {"model": "auth.permission", "pk": 3, "fields": {"name": "Can delete log entry", "content_type": 1, "codename": "delete_logentry"}}, {"model": "auth.permission", "pk": 4, "fields": {"name": "Can view log entry", "content_type": 1, "codename": "view_logentry"}}, {"model": "auth.permission", "pk": 5, "fields": {"name": "Can add permission", "content_type": 2, "codename": "add_permission"}}, {"model": "auth.permission", "pk": 6, "fields": {"name": "Can change permission", "content_type": 2, "codename": "change_permission"}}, {"model": "auth.permission", "pk": 7, "fields": {"name": "Can delete permission", "content_type": 2, "codename": "delete_permission"}}, {"model": "auth.permission", "pk": 8, "fields": {"name": "Can view permission", "content_type": 2, "codename": "view_permission"}}, {"model": "auth.permission", "pk": 9, "fields": {"name": "Can add group", "content_type": 3, "codename": "add_group"}}, {"model": "auth.permission", "pk": 10, "fields": {"name": "Can change group", "content_type": 3, "codename": "change_group"}}, {"model": "auth.permission", "pk": 11, "fields": {"name": "Can delete group", "content_type": 3, "codename": "delete_group"}}, {"model": "auth.permission", "pk": 12, "fields": {"name": "Can view group", "content_type": 3, "codename": "view_group"}}, {"model": "auth.permission", "pk": 13, "fields": {"name": "Can add content type", "content_type": 4, "codename": "add_contenttype"}}, {"model": "auth.permission", "pk": 14, "fields": {"name": "Can change content type", "content_type": 4, "codename": "change_contenttype"}}, {"model": "auth.permission", "pk": 15, "fields": {"name": "Can delete content type", "content_type": 4, "codename": "delete_contenttype"}}, {"model": "auth.permission", "pk": 16, "fields": {"name": "Can view content type", "content_type": 4, "codename": "view_contenttype"}}, {"model": "auth.permission", "pk": 17, "fields": {"name": "Can add session", "content_type": 5, "codename": "add_session"}}, {"model": "auth.permission", "pk": 18, "fields": {"name": "Can change session", "content_type": 5, "codename": "change_session"}}, {"model": "auth.permission", "pk": 19, "fields": {"name": "Can delete session", "content_type": 5, "codename": "delete_session"}}, {"model": "auth.permission", "pk": 20, "fields": {"name": "Can view session", "content_type": 5, "codename": "view_session"}}, {"model": "auth.permission", "pk": 21, "fields": {"name": "Can add user", "content_type": 6, "codename": "add_user"}}, {"model": "auth.permission", "pk": 22, "fields": {"name": "Can change user", "content_type": 6, "codename": "change_user"}}, {"model": "auth.permission", "pk": 23, "fields": {"name": "Can delete user", "content_type": 6, "codename": "delete_user"}}, {"model": "auth.permission", "pk": 24, "fields": {"name": "Can view user", "content_type": 6, "codename": "view_user"}}, {"model": "auth.permission", "pk": 25, "fields": {"name": "Can add student profile", "content_type": 7, "codename": "add_studentprofile"}}, {"model": "auth.permission", "pk": 26, "fields": {"name": "Can change student profile", "content_type": 7, "codename": "change_studentprofile"}}, {"model": "auth.permission", "pk": 27, "fields": {"name": "Can delete student profile", "content_type": 7, "codename": "delete_studentprofile"}}, {"model": "auth.permission", "pk": 28, "fields": {"name": "Can view student profile", "content_type": 7, "codename": "view_studentprofile"}}, {"model": "auth.permission", "pk": 29, "fields": {"name": "Can add mentor profile", "content_type": 8, "codename": "add_mentorprofile"}}, {"model": "auth.permission", "pk": 30, "fields": {"name": "Can change mentor profile", "content_type": 8, "codename": "change_mentorprofile"}}, {"model": "auth.permission", "pk": 31, "fields": {"name": "Can delete mentor profile", "content_type": 8, "codename": "delete_mentorprofile"}}, {"model": "auth.permission", "pk": 32, "fields": {"name": "Can view mentor profile", "content_type": 8, "codename": "view_mentorprofile"}}, {"model": "auth.permission", "pk": 33, "fields": {"name": "Can add booking", "content_type": 9, "codename": "add_booking"}}, {"model": "auth.permission", "pk": 34, "fields": {"name": "Can change booking", "content_type": 9, "codename": "change_booking"}}, {"model": "auth.permission", "pk": 35, "fields": {"name": "Can delete booking", "content_type": 9, "codename": "delete_booking"}}, {"model": "auth.permission", "pk": 36, "fields": {"name": "Can view booking", "content_type": 9, "codename": "view_booking"}}, {"model": "auth.permission", "pk": 37, "fields": {"name": "Can add slot", "content_type": 10, "codename": "add_slot"}}, {"model": "auth.permission", "pk": 38, "fields": {"name": "Can change slot", "content_type": 10, "codename": "change_slot"}}, {"model": "auth.permission", "pk": 39, "fields": {"name": "Can delete slot", "content_type": 10, "codename": "delete_slot"}}, {"model": "auth.permission", "pk": 40, "fields": {"name": "Can view slot", "content_type": 10, "codename": "view_slot"}}, {"model": "auth.permission", "pk": 41, "fields": {"name": "Can add Token", "content_type": 11, "codename": "add_token"}}, {"model": "auth.permission", "pk": 42, "fields": {"name": "Can change Token", "content_type": 11, "codename": "change_token"}}, {"model": "auth.permission", "pk": 43, "fields": {"name": "Can delete Token", "content_type": 11, "codename": "delete_token"}}, {"model": "auth.permission", "pk": 44, "fields": {"name": "Can view Token", "content_type": 11, "codename": "view_token"}}, {"model": "auth.permission", "pk": 45, "fields": {"name": "Can add Token", "content_type": 12, "codename": "add_tokenproxy"}}, {"model": "auth.permission", "pk": 46, "fields": {"name": "Can change Token", "content_type": 12, "codename": "change_tokenproxy"}}, {"model": "auth.permission", "pk": 47, "fields": {"name": "Can delete Token", "content_type": 12, "codename": "delete_tokenproxy"}}, {"model": "auth.permission", "pk": 48, "fields": {"name": "Can view Token", "content_type": 12, "codename": "view_tokenproxy"}}, {"model": "auth.permission", "pk": 49, "fields": {"name": "Can add blacklisted token", "content_type": 13, "codename": "add_blacklistedtoken"}}, {"model": "auth.permission", "pk": 50, "fields": {"name": "Can change blacklisted token", "content_type": 13, "codename": "change_blacklistedtoken"}}, {"model": "auth.permission", "pk": 51, "fields": {"name": "Can delete blacklisted token", "content_type": 13, "codename": "delete_blacklistedtoken"}}, {"model": "auth.permission", "pk": 52, "fields": {"name": "Can view blacklisted token", "content_type": 13, "codename": "view_blacklistedtoken"}}, {"model": "auth.permission", "pk": 53, "fields": {"name": "Can add outstanding token", "content_type": 14, "codename": "add_outstandingtoken"}}, {"model": "auth.permission", "pk": 54, "fields": {"name": "Can change outstanding token", "content_type": 14, "codename": "change_outstandingtoken"}}, {"model": "auth.permission", "pk": 55, "fields": {"name": "Can delete outstanding token", "content_type": 14, "codename": "delete_outstandingtoken"}}, {"model": "auth.permission", "pk": 56, "fields": {"name": "Can view outstanding token", "content_type": 14, "codename": "view_outstandingtoken"}}, {"model": "contenttypes.contenttype", "pk": 1, "fields": {"app_label": "admin", "model": "logentry"}}, {"model": "contenttypes.contenttype", "pk": 2, "fields": {"app_label": "auth", "model": "permission"}}, {"model": "contenttypes.contenttype", "pk": 3, "fields": {"app_label": "auth", "model": "group"}}, {"model": "contenttypes.contenttype", "pk": 4, "fields": {"app_label": "contenttypes", "model": "contenttype"}}, {"model": "contenttypes.contenttype", "pk": 5, "fields": {"app_label": "sessions", "model": "session"}}, {"model": "contenttypes.contenttype", "pk": 6, "fields": {"app_label": "api", "model": "user"}}, {"model": "contenttypes.contenttype", "pk": 7, "fields": {"app_label": "api", "model": "studentprofile"}}, {"model": "contenttypes.contenttype", "pk": 8, "fields": {"app_label": "api", "model": "mentorprofile"}}, {"model": "contenttypes.contenttype", "pk": 9, "fields": {"app_label": "api", "model": "booking"}}, {"model": "contenttypes.contenttype", "pk": 10, "fields": {"app_label": "api", "model": "slot"}}, {"model": "contenttypes.contenttype", "pk": 11, "fields": {"app_label": "authtoken", "model": "token"}}, {"model": "contenttypes.contenttype", "pk": 12, "fields": {"app_label": "authtoken", "model": "tokenproxy"}}, {"model": "contenttypes.contenttype", "pk": 13, "fields": {"app_label": "token_blacklist", "model": "blacklistedtoken"}}, {"model": "contenttypes.contenttype", "pk": 14, "fields": {"app_label": "token_blacklist", "model": "outstandingtoken"}}, {"model": "sessions.session", "pk": "2zmi6int1del689gsvysvctap067yl6p", "fields": {"session_data": ".eJxVjDsOwyAQBe9CHaFdDAZSpvcZ0PILTiKQjF1FuXuE5CJp38y8N3N07MUdPW1ujezKkF1-N0_hmeoA8UH13nhodd9Wz4fCT9r50mJ63U7376BQL6M2YIJWk0UrrRVGkDYxKwU2ZZSKPGXQFjwQepnmTDmGFCGjMIQTzuzzBc6fN9M:1uSsAZ:YBByRPoJ2BU2g41X7gbdH970t3pDCjU78j-P4nZRMgQ", "expire_date": "2025-07-05T06:57:43.947Z"}}, {"model": "sessions.session", "pk": "or1c3mchcjdk5g0b5mot40ti6cejqoey", "fields": {"session_data": ".eJxVjDsOwyAQBe9CHaFdDAZSpvcZ0PILTiKQjF1FuXuE5CJp38y8N3N07MUdPW1ujezKkF1-N0_hmeoA8UH13nhodd9Wz4fCT9r50mJ63U7376BQL6M2YIJWk0UrrRVGkDYxKwU2ZZSKPGXQFjwQepnmTDmGFCGjMIQTzuzzBc6fN9M:1uRlhc:4dpQm8c5Ja_JGqdfTm4wuMNlBTh_HPbLzNCuPeGV_Rg", "expire_date": "2025-07-02T05:51:16.576Z"}}, {"model": "sessions.session", "pk": "s3hu6471evox8rit7f6zt2ksnc28pazu", "fields": {"session_data": ".eJxVjDsOwyAQBe9CHaFdDAZSpvcZ0PILTiKQjF1FuXuE5CJp38y8N3N07MUdPW1ujezKkF1-N0_hmeoA8UH13nhodd9Wz4fCT9r50mJ63U7376BQL6M2YIJWk0UrrRVGkDYxKwU2ZZSKPGXQFjwQepnmTDmGFCGjMIQTzuzzBc6fN9M:1uXLgC:mT8DmiI5IHQM5wmhoF2VlveB5qQjsnikHO-v9bCzE3M", "expire_date": "2025-07-17T15:16:52.920Z"}}, {"model": "token_blacklist.outstandingtoken", "pk": 1, "fields": {"user": 2, "jti": "2553d3cafabe468c9595df0ce331970b", "token": "eyJhbGciOiJIUzI1NiIsInR5cCI6IkpXVCJ9.eyJ0b2tlbl90eXBlIjoicmVmcmVzaCIsImV4cCI6MTc1MDMzODYyMSwiaWF0IjoxNzUwMjUyMjIxLCJqdGkiOiIyNTUzZDNjYWZhYmU0NjhjOTU5NWRmMGNlMzMxOTcwYiIsInVzZXJfaWQiOjJ9.ArxtTrZ_TZkzyR4Rb9IVYR8TRbo5cyKcD6ltQOn4bXA", "created_at": "2025-06-18T13:10:21.531Z", "expires_at": "2025-06-19T13:10:21Z"}}, {"model": "token_blacklist.outstandingtoken", "pk": 2, "fields": {"user": 2, "jti": "2bcadaea2f7045778649ce9b8f5cea03", "token": "eyJhbGciOiJIUzI1NiIsInR5cCI6IkpXVCJ9.eyJ0b2tlbl90eXBlIjoicmVmcmVzaCIsImV4cCI6MTc1MDMzODc3OCwiaWF0IjoxNzUwMjUyMzc4LCJqdGkiOiIyYmNhZGFlYTJmNzA0NTc3ODY0OWNlOWI4ZjVjZWEwMyIsInVzZXJfaWQiOjJ9.DAXLrLSZhlnnbwhr8nUNZYplcMJ_0Ar3ugltRzaPqn4", "created_at": "2025-06-18T13:12:58.571Z", "expires_at": "2025-06-19T13:12:58Z"}}, {"model": "token_blacklist.outstandingtoken", "pk": 3, "fields": {"user": 2, "jti": "7757ab8d3d7f4f3ba6d87675e1e87841", "token": "eyJhbGciOiJIUzI1NiIsInR5cCI6IkpXVCJ9.eyJ0b2tlbl90eXBlIjoicmVmcmVzaCIsImV4cCI6MTc1MDMzOTE1MywiaWF0IjoxNzUwMjUyNzUzLCJqdGkiOiI3NzU3YWI4ZDNkN2Y0ZjNiYTZkODc2NzVlMWU4Nzg0MSIsInVzZXJfaWQiOjJ9.jZ_52VC4jblCEKVbv-1AjMuKWLWjBHtuCbMqJ3w70Bo", "created_at": "2025-06-18T13:19:13.682Z", "expires_at": "2025-06-19T13:19:13Z"}}, {"model": "token_blacklist.outstandingtoken", "pk": 4, "fields": {"user": 2, "jti": "336c2c524a864e8ab6e40bfed54d77f1", "token": "eyJhbGciOiJIUzI1NiIsInR5cCI6IkpXVCJ9.eyJ0b2tlbl90eXBlIjoicmVmcmVzaCIsImV4cCI6MTc1MTY0MjI5MSwiaWF0IjoxNzUxNTU1ODkxLCJqdGkiOiIzMzZjMmM1MjRhODY0ZThhYjZlNDBiZmVkNTRkNzdmMSIsInVzZXJfaWQiOjJ9.kodHGa8XL1wAXlnwq14GVXhi2ChYQlrPCDsRdW1RlP4", "created_at": "2025-07-03T15:18:11.712Z", "expires_at": "2025-07-04T15:18:11Z"}}, {"model": "token_blacklist.outstandingtoken", "pk": 5, "fields": {"user": 2, "jti": "da6f2c8bce7e4c0886b5f4956b5454de", "token": "eyJhbGciOiJIUzI1NiIsInR5cCI6IkpXVCJ9.eyJ0b2tlbl90eXBlIjoicmVmcmVzaCIsImV4cCI6MTc1MjcxNzMwNCwiaWF0IjoxNzUyNjMwOTA0LCJqdGkiOiJkYTZmMmM4YmNlN2U0YzA4ODZiNWY0OTU2YjU0NTRkZSIsInVzZXJfaWQiOjJ9.DKDQj8YOWP7OxKdH-VnyUBbSNEqIwf4rQAsIbr0muH4", "created_at": "2025-07-16T01:55:04.606Z", "expires_at": "2025-07-17T01:55:04Z"}}, {"model": "token_blacklist.blacklistedtoken", "pk": 1, "fields": {"token": 3, "blacklisted_at": "2025-06-18T13:19:46.038Z"}}, {"model": "api.user", "pk": 1, "fields": {"password": "pbkdf2_sha256$600000$IdK3f83O7i7VpcgO53Uxps$RBITJRe+RLTuJwrsIu8rdyg0uGjc3ufxj7ZR/bf0I1g=", "last_login": "2025-07-03T15:16:52.915Z", "is_superuser": true, "email": "admin@gmail.com", "name": "admin", "phone": null, "is_mentor": false, "is_active": true, "is_staff": true, "groups": [], "user_permissions": []}}, {"model": "api.user", "pk": 2, "fields": {"password": "pbkdf2_sha256$600000$Ltst2u7SrQEwqAeNvWI6Cc$Dhw4pqkibsLbnwrZ5gPwqhg9vD+6Daim/4W7drwahWs=", "last_login": null, "is_superuser": false, "email": "ganesh@gmail.com", "name": "Ganesh Rajpoot", "phone": null, "is_mentor": true, "is_active": true, "is_staff": false, "groups": [], "user_permissions": []}}, {"model": "api.user", "pk": 3, "fields": {"password": "pbkdf2_sha256$600000$87QV7NJsc8mK72ZaAEaayY$1WqIVzJHxMBd0hI4q2ec0mK/dUU5akngf5xB6MoeUMM=", "last_login": null, "is_superuser": false, "email": "student@gmail.com", "name": "Test", "phone": null, "is_mentor": false, "is_active": true, "is_staff": false, "groups": [], "user_permissions": []}}, {"model": "api.user", "pk": 4, "fields": {"password": "pbkdf2_sha256$600000$50BgFVu6qPTdtupYcYjUgy$4o5hJUKgjfhGShqHvP4Y+uCfivXKu527qWiu7nmZGHM=", "last_login": null, "is_superuser": false, "email": "anas@gmail.com", "name": "Anas", "phone": null, "is_mentor": true, "is_active": true, "is_staff": false, "groups": [], "user_permissions": []}}, {"model": "api.mentorprofile", "pk": 1, "fields": {"user": 2, "bio": "this is the ganesh rajpoot he is working as a mentor in the company", "experience": 4, "skills": "python,node js,express js", "available_days": "10"}}, {"model": "api.studentprofile", "pk": 1, "fields": {"user": 2, "college": "test college", "interests": "in the python"}}, {"model": "api.slot", "pk": 1, "fields": {"mentor": 2, "date": "2025-07-09", "start_time": "06:00:00", "end_time": "18:00:00", "is_booked": false}}, {"model": "api.slot", "pk": 2, "fields": {"mentor": 4, "date": "2025-06-21", "start_time": "07:02:45", "end_time": "13:00:00", "is_booked": false}}, {"model": "api.booking", "pk": 1, "fields": {"student": 2, "slot": 1, "booked_at": "2025-06-18T11:26:10.553Z"}}]